{
	"$schema" : "https://aka.ms/winget-packages.schema.2.0.json",
	"CreationDate" : "2023-12-21T14:46:46.582-00:00",
	"Sources" : 
	[
		{
			"Packages" : 
			[
				{
					"PackageIdentifier" : "Bitwarden.Bitwarden"
				},
				{
					"PackageIdentifier" : "NexusMods.Vortex"
				},
				{
					"PackageIdentifier" : "AutoHotkey.AutoHotkey"
				},
				{
					"PackageIdentifier" : "Canonical.Ubuntu.2204"
				},
				{
					"PackageIdentifier" : "Canonical.Ubuntu.2204"
				},
				{
					"PackageIdentifier" : "Discord.Discord"
				},
				{
					"PackageIdentifier" : "Docker.DockerDesktop"
				},
				{
					"PackageIdentifier" : "GitHub.GitHubDesktop"
				},
				{
					"PackageIdentifier" : "LibreWolf.LibreWolf"
				},
				{
					"PackageIdentifier" : "Microsoft.EdgeWebView2Runtime"
				},
				{
					"PackageIdentifier" : "Microsoft.AppInstaller"
				},
				{
					"PackageIdentifier" : "Microsoft.UI.Xaml.2.7"
				},
				{
					"PackageIdentifier" : "Microsoft.UI.Xaml.2.8"
				},
				{
					"PackageIdentifier" : "Microsoft.VCLibs.Desktop.14"
				},
				{
					"PackageIdentifier" : "Microsoft.DevHome"
				},
				{
					"PackageIdentifier" : "Microsoft.WindowsTerminal"
				},
				{
					"PackageIdentifier" : "Microsoft.Office"
				},
				{
					"PackageIdentifier" : "Microsoft.OneDrive"
				},
				{
					"PackageIdentifier" : "Parsec.Parsec"
				},
				{
					"PackageIdentifier" : "Spotify.Spotify"
				},
				{
					"PackageIdentifier" : "Valve.Steam"
				},
				{
					"PackageIdentifier" : "SumatraPDF.SumatraPDF"
				},
				{
					"PackageIdentifier" : "Microsoft.Teams"
				},
				{
					"PackageIdentifier" : "Microsoft.DotNet.DesktopRuntime.8"
				},
				{
					"PackageIdentifier" : "Microsoft.VCRedist.2010.x64"
				},
				{
					"PackageIdentifier" : "Microsoft.VCRedist.2015+.x64"
				},
				{
					"PackageIdentifier" : "Microsoft.VCRedist.2015+.x64"
				},
				{
					"PackageIdentifier" : "Python.Launcher"
				},
				{
					"PackageIdentifier" : "Microsoft.VCRedist.2012.x64"
				},
				{
					"PackageIdentifier" : "DebaucheeOpenSourceGroup.Barrier"
				},
				{
					"PackageIdentifier" : "Microsoft.VCRedist.2008.x64"
				},
				{
					"PackageIdentifier" : "Microsoft.Teams"
				},
				{
					"PackageIdentifier" : "Microsoft.VisualStudioCode"
				},
				{
					"PackageIdentifier" : "Microsoft.DotNet.DesktopRuntime.7"
				},
				{
					"PackageIdentifier" : "ParadoxInteractive.ParadoxLauncher"
				},
				{
					"PackageIdentifier" : "Microsoft.Edge"
				},
				{
					"PackageIdentifier" : "Microsoft.XNARedist"
				},
				{
					"PackageIdentifier" : "Microsoft.VCRedist.2010.x64"
				},
				{
					"PackageIdentifier" : "Microsoft.VCRedist.2005.x64"
				},
				{
					"PackageIdentifier" : "Microsoft.VCRedist.2012.x64"
				},
				{
					"PackageIdentifier" : "tailscale.tailscale"
				},
				{
					"PackageIdentifier" : "Python.Python.3.11"
				},
				{
					"PackageIdentifier" : "Microsoft.PowerToys"
				},
				{
					"PackageIdentifier" : "Microsoft.DotNet.DesktopRuntime.6"
				}
			],
			"SourceDetails" : 
			{
				"Argument" : "https://cdn.winget.microsoft.com/cache",
				"Identifier" : "Microsoft.Winget.Source_8wekyb3d8bbwe",
				"Name" : "winget",
				"Type" : "Microsoft.PreIndexed.Package"
			}
		}
	],
	"WinGetVersion" : "1.6.3482"
}