{
	"$schema" : "https://aka.ms/winget-packages.schema.2.0.json",
	"CreationDate" : "2023-05-27T08:29:32.041-00:00",
	"Sources" : 
	[
		{
			"Packages" : 
			[
				{
					"PackageIdentifier" : "Microsoft.VisualStudio.2019.BuildTools"
				},
				{
					"PackageIdentifier" : "Bitwarden.Bitwarden"
				},
				{
					"PackageIdentifier" : "MullvadVPN.MullvadVPN"
				},
				{
					"PackageIdentifier" : "NexusMods.Vortex"
				},
				{
					"PackageIdentifier" : "PrestonN.FreeTube"
				},
				{
					"PackageIdentifier" : "mcmilk.7zip-zstd"
				},
				{
					"PackageIdentifier" : "ShareX.ShareX"
				},
				{
					"PackageIdentifier" : "Audacity.Audacity"
				},
				{
					"PackageIdentifier" : "AutoHotkey.AutoHotkey"
				},
				{
					"PackageIdentifier" : "CPUID.CPU-Z"
				},
				{
					"PackageIdentifier" : "eloston.ungoogled-chromium"
				},
				{
					"PackageIdentifier" : "CrystalDewWorld.CrystalDiskInfo.ShizukuEdition"
				},
				{
					"PackageIdentifier" : "CrystalDewWorld.CrystalDiskMark.ShizukuEdition"
				},
				{
					"PackageIdentifier" : "Discord.Discord"
				},
				{
					"PackageIdentifier" : "DolphinEmulator.Dolphin"
				},
				{
					"PackageIdentifier" : "GIMP.GIMP.Nightly"
				},
				{
					"PackageIdentifier" : "GnuCash.GnuCash"
				},
				{
					"PackageIdentifier" : "Gyan.FFmpeg"
				},
				{
					"PackageIdentifier" : "REALiX.HWiNFO"
				},
				{
					"PackageIdentifier" : "Helix.Helix"
				},
				{
					"PackageIdentifier" : "JetBrains.IntelliJIDEA.Community"
				},
				{
					"PackageIdentifier" : "LibreWolf.LibreWolf"
				},
				{
					"PackageIdentifier" : "Microsoft.Edge"
				},
				{
					"PackageIdentifier" : "Microsoft.EdgeWebView2Runtime"
				},
				{
					"PackageIdentifier" : "Microsoft.NuGet"
				},
				{
					"PackageIdentifier" : "Microsoft.WindowsTerminal"
				},
				{
					"PackageIdentifier" : "Mozilla.Firefox"
				},
				{
					"PackageIdentifier" : "Insecure.Nmap"
				},
				{
					"PackageIdentifier" : "Notepad++.Notepad++"
				},
				{
					"PackageIdentifier" : "OBSProject.OBSStudio"
				},
				{
					"PackageIdentifier" : "ONLYOFFICE.DesktopEditors"
				},
				{
					"PackageIdentifier" : "PrismLauncher.PrismLauncher"
				},
				{
					"PackageIdentifier" : "JetBrains.PyCharm.Community"
				},
				{
					"PackageIdentifier" : "Rustlang.Rustup"
				},
				{
					"PackageIdentifier" : "Spotify.Spotify"
				},
				{
					"PackageIdentifier" : "Valve.Steam"
				},
				{
					"PackageIdentifier" : "SumatraPDF.SumatraPDF"
				},
				{
					"PackageIdentifier" : "Surfshark.Surfshark"
				},
				{
					"PackageIdentifier" : "VivaldiTechnologies.Vivaldi"
				},
				{
					"PackageIdentifier" : "AntibodySoftware.WizTree"
				},
				{
					"PackageIdentifier" : "KDE.Kdenlive"
				},
				{
					"PackageIdentifier" : "pnpm.pnpm"
				},
				{
					"PackageIdentifier" : "WinSCP.WinSCP"
				},
				{
					"PackageIdentifier" : "yt-dlp.yt-dlp"
				},
				{
					"PackageIdentifier" : "GoLang.Go"
				},
				{
					"PackageIdentifier" : "Microsoft.VCRedist.2013.x64"
				},
				{
					"PackageIdentifier" : "Microsoft.VCRedist.2010.x64"
				},
				{
					"PackageIdentifier" : "dotPDNLLC.paintdotnet"
				},
				{
					"PackageIdentifier" : "Microsoft.DotNet.DesktopRuntime.6"
				},
				{
					"PackageIdentifier" : "EclipseAdoptium.Temurin.17.JDK"
				},
				{
					"PackageIdentifier" : "Yubico.Authenticator"
				},
				{
					"PackageIdentifier" : "Microsoft.VCRedist.2012.x86"
				},
				{
					"PackageIdentifier" : "nepnep.neofetch-win"
				},
				{
					"PackageIdentifier" : "Microsoft.VCRedist.2015+.x86"
				},
				{
					"PackageIdentifier" : "Armin2208.WindowsAutoNightMode"
				},
				{
					"PackageIdentifier" : "Logitech.GHUB"
				},
				{
					"PackageIdentifier" : "EclipseAdoptium.Temurin.8.JDK"
				},
				{
					"PackageIdentifier" : "Microsoft.VCRedist.2008.x64"
				},
				{
					"PackageIdentifier" : "nomacs.nomacs"
				},
				{
					"PackageIdentifier" : "Nextcloud.NextcloudDesktop"
				},
				{
					"PackageIdentifier" : "Microsoft.VCRedist.2005.x86"
				},
				{
					"PackageIdentifier" : "Microsoft.VisualStudioCode"
				},
				{
					"PackageIdentifier" : "Microsoft.DotNet.SDK.7"
				},
				{
					"PackageIdentifier" : "ParadoxInteractive.ParadoxLauncher"
				},
				{
					"PackageIdentifier" : "Microsoft.DotNet.DesktopRuntime.6"
				},
				{
					"PackageIdentifier" : "Microsoft.DotNet.SDK.7"
				},
				{
					"PackageIdentifier" : "EclipseAdoptium.Temurin.11.JDK"
				},
				{
					"PackageIdentifier" : "Microsoft.VCRedist.2008.x86"
				},
				{
					"PackageIdentifier" : "Microsoft.VCRedist.2013.x64"
				},
				{
					"PackageIdentifier" : "tailscale.tailscale"
				},
				{
					"PackageIdentifier" : "nepnep.neofetch-win"
				},
				{
					"PackageIdentifier" : "o2sh.onefetch"
				},
				{
					"PackageIdentifier" : "VideoLAN.VLC"
				},
				{
					"PackageIdentifier" : "Microsoft.XNARedist"
				},
				{
					"PackageIdentifier" : "gerardog.gsudo"
				},
				{
					"PackageIdentifier" : "Microsoft.VCRedist.2010.x86"
				},
				{
					"PackageIdentifier" : "OBSProject.obs-amd-encoder"
				},
				{
					"PackageIdentifier" : "Microsoft.WindowsSDK"
				},
				{
					"PackageIdentifier" : "SyncTrayzor.SyncTrayzor"
				},
				{
					"PackageIdentifier" : "Python.Python.3.11"
				},
				{
					"PackageIdentifier" : "Microsoft.DotNet.DesktopRuntime.6"
				},
				{
					"PackageIdentifier" : "Microsoft.VCRedist.2012.x64"
				},
				{
					"PackageIdentifier" : "Microsoft.VCRedist.2015+.x86"
				},
				{
					"PackageIdentifier" : "Microsoft.PowerToys"
				}
			],
			"SourceDetails" : 
			{
				"Argument" : "https://cdn.winget.microsoft.com/cache",
				"Identifier" : "Microsoft.Winget.Source_8wekyb3d8bbwe",
				"Name" : "winget",
				"Type" : "Microsoft.PreIndexed.Package"
			}
		}
	],
	"WinGetVersion" : "1.4.10173"
}